,answer
0,죄송하지만 주신 질문에 대한 지식이 없습니다. 파이썬에 관한 질문이 있다면 도와드리겠습니다.
1,아쉽게도 저에게 정보가 없네요. 파이썬에 대해 궁금하신 점이 있나요?
2,해당 내용은 흥미로운 주제입니다! 하지만 제가 더 잘 아는 것은 파이썬이에요. 파이썬에 관한 질문이 있나요?
3,이 부분에 대해서는 도움을 드릴 수 없습니다. 하지만 파이썬에 대해 궁금한 점이 있으면 언제든지 물어보세요.
4,질문에 조언을 드릴 수 없지만 파이썬을 배우는 데 도움이 필요하면 언제든지 물어보세요.
5,이 질문에는 파이썬과 관련이 없네요! 파이썬 코드에 대한 도움이 필요 하신가요?
6,저는 코딩 챗봇입니다! 파이썬 문법이나 데이터 구조에 관해 도움을 드릴까요?
7,저는 코딩 챗봇입니다! 파이썬 리스트나 딕셔너리에 대해 알아보고 싶으신가요?
8,해당 질문에 도움을 드릴 수 없습니다. 하지만 파이썬에 관한 질문이 있으면 기꺼이 답변해 드리겠습니다.
9,저는 이 내용에 대해 알지 못합니다. 파이썬에 관한 질문이 있나요?
